"","host","pkgname","pkgversion","status","elapsed_time","phase"
"1","nebbiolo1","animalcules","1.20.0","ERROR",275.7,"checksrc"
"2","nebbiolo1","AnVIL","1.16.1","ERROR",48.1,"checksrc"
"3","nebbiolo1","BDMMAcorrect","1.22.0","ERROR",377.8,"checksrc"
"4","nebbiolo1","beadarraySNP","1.70.0","ERROR",4,"checksrc"
"5","nebbiolo1","BEARscc","1.24.0","ERROR",245.4,"checksrc"
"6","nebbiolo1","BioNetStat","1.24.0","ERROR",151.4,"checksrc"
"7","nebbiolo1","BioTIP","1.18.0","ERROR",113.3,"checksrc"
"8","nebbiolo1","brainflowprobes","1.18.0","ERROR",470,"checksrc"
"9","nebbiolo1","bugsigdbr","1.10.0","ERROR",116.2,"checksrc"
"10","nebbiolo1","CNVgears","1.12.0","ERROR",83.2,"checksrc"
"11","nebbiolo1","combi","1.16.0","ERROR",490.1,"checksrc"
"12","nebbiolo1","coMET","1.36.0","ERROR",608.3,"checksrc"
"13","nebbiolo1","compartmap","1.22.0","ERROR",328.7,"checksrc"
"14","nebbiolo1","CoRegNet","1.42.0","ERROR",93.2,"checksrc"
"15","nebbiolo1","CoreGx","2.8.0","ERROR",348.7,"checksrc"
"16","nebbiolo1","CORREP","1.70.0","ERROR",25,"checksrc"
"17","nebbiolo1","crisprseekplus","1.30.0","ERROR",375.7,"checksrc"
"18","nebbiolo1","DIAlignR","2.12.0","ERROR",173.3,"checksrc"
"19","nebbiolo1","dpeak","1.16.0","ERROR",254.5,"checksrc"
"20","nebbiolo1","eegc","1.30.0","ERROR",483.9,"checksrc"
"21","nebbiolo1","enrichTF","1.20.0","ERROR",369.6,"checksrc"
"22","nebbiolo1","exomePeak2","1.16.0","ERROR",288.6,"checksrc"
"23","nebbiolo1","factR","1.6.0","ERROR",201.5,"checksrc"
"24","nebbiolo1","farms","1.56.0","ERROR",333.8,"checksrc"
"25","nebbiolo1","FCBF","2.12.0","ERROR",301.8,"checksrc"
"26","nebbiolo1","flowMap","1.42.0","ERROR",42.1,"checksrc"
"27","nebbiolo1","FoldGO","1.22.0","ERROR",149.3,"checksrc"
"28","nebbiolo1","FScanR","1.14.0","ERROR",17.1,"checksrc"
"29","nebbiolo1","FunChIP","1.30.0","ERROR",226.5,"checksrc"
"30","nebbiolo1","genefu","2.36.0","ERROR",176.5,"checksrc"
"31","nebbiolo1","GenomicDataCommons","1.28.0","ERROR",150.3,"checksrc"
"32","nebbiolo1","GOSim","1.42.0","ERROR",366.8,"checksrc"
"33","nebbiolo1","iPAC","1.48.0","ERROR",183.4,"checksrc"
"34","nebbiolo1","ISAnalytics","1.14.0","ERROR",412.9,"checksrc"
"35","nebbiolo1","iterClust","1.26.0","ERROR",44.1,"checksrc"
"36","nebbiolo1","maigesPack","1.68.0","ERROR",84.1,"checksrc"
"37","nebbiolo1","metagene","2.36.0","ERROR",465,"checksrc"
"38","nebbiolo1","MetaVolcanoR","1.18.0","ERROR",156.3,"checksrc"
"39","nebbiolo1","miaViz","1.12.0","ERROR",721.4,"checksrc"
"40","nebbiolo1","microbiomeMarker","1.10.0","ERROR",635.2,"checksrc"
"41","nebbiolo1","miRmine","1.26.0","ERROR",157.4,"checksrc"
"42","nebbiolo1","MobilityTransformR","1.8.0","ERROR",449.9,"checksrc"
"43","nebbiolo1","multiOmicsViz","1.28.0","ERROR",186.4,"checksrc"
"44","nebbiolo1","NeighborNet","1.22.0","ERROR",36.1,"checksrc"
"45","nebbiolo1","oneSENSE","1.26.0","ERROR",129.3,"checksrc"
"46","nebbiolo1","pathVar","1.34.0","ERROR",167.4,"checksrc"
"47","nebbiolo1","PERFect","1.18.0","ERROR",141.4,"checksrc"
"48","nebbiolo1","PloGO2","1.16.0","ERROR",365.8,"checksrc"
"49","nebbiolo1","polyester","1.40.0","ERROR",98.2,"checksrc"
"50","nebbiolo1","proteasy","1.6.0","ERROR",69.1,"checksrc"
"51","nebbiolo1","PSEA","1.38.0","ERROR",33.1,"checksrc"
"52","nebbiolo1","rawDiag","1.0.0","ERROR",122.3,"checksrc"
"53","nebbiolo1","RefPlus","1.74.0","ERROR",173.3,"checksrc"
"54","nebbiolo1","RIPAT","1.14.0","ERROR",74.2,"checksrc"
"55","nebbiolo1","Risa","1.46.0","ERROR",322.8,"checksrc"
"56","nebbiolo1","shiny.gosling","1.0.2","ERROR",5,"checksrc"
"57","nebbiolo1","single","1.8.0","ERROR",219.4,"checksrc"
"58","nebbiolo1","SMAP","1.68.0","ERROR",30,"checksrc"
"59","nebbiolo1","sparseDOSSA","1.28.0","ERROR",92.1,"checksrc"
"60","nebbiolo1","SpidermiR","1.34.0","ERROR",101.2,"checksrc"
"61","nebbiolo1","SQUADD","1.54.0","ERROR",17.1,"checksrc"
"62","nebbiolo1","STROMA4","1.28.0","ERROR",61.2,"checksrc"
"63","nebbiolo1","SurfR","1.0.0","ERROR",855.8,"checksrc"
"64","nebbiolo1","tidybulk","1.16.0","ERROR",546.1,"checksrc"
"65","nebbiolo1","TimiRGeN","1.14.0","ERROR",398.8,"checksrc"
"66","palomino7","AnVIL","1.16.1","ERROR",68.4,"checksrc"
"67","palomino7","ArrayExpress","1.64.0","ERROR",195.1,"checksrc"
"68","palomino7","beadarraySNP","1.70.0","ERROR",4,"checksrc"
"69","palomino7","BEARscc","1.24.0","ERROR",245.4,"checksrc"
"70","palomino7","BiocBook","1.2.0","ERROR",131.8,"checksrc"
"71","palomino7","BioNetStat","1.24.0","ERROR",194,"checksrc"
"72","palomino7","BSgenomeForge","1.4.0","ERROR",276.1,"checksrc"
"73","palomino7","bugsigdbr","1.10.0","ERROR",153.9,"checksrc"
"74","palomino7","coMET","1.36.0","ERROR",571.4,"checksrc"
"75","palomino7","CORREP","1.70.0","ERROR",29,"checksrc"
"76","palomino7","csdR","1.10.0","ERROR",294.8,"checksrc"
"77","palomino7","CyTOFpower","1.10.0","ERROR",81.2,"checksrc"
"78","palomino7","DIAlignR","2.12.0","ERROR",231.6,"checksrc"
"79","palomino7","genefu","2.36.0","ERROR",152,"checksrc"
"80","palomino7","GenomicDataCommons","1.28.0","ERROR",116.7,"checksrc"
"81","palomino7","HDF5Array","1.32.1","ERROR",601.7,"checksrc"
"82","palomino7","Herper","1.14.0","ERROR",59.7,"checksrc"
"83","palomino7","ISAnalytics","1.14.0","ERROR",426.4,"checksrc"
"84","palomino7","miaViz","1.12.0","ERROR",472,"checksrc"
"85","palomino7","microbiomeMarker","1.10.0","ERROR",668.2,"checksrc"
"86","palomino7","MobilityTransformR","1.8.0","ERROR",581.4,"checksrc"
"87","palomino7","oneSENSE","1.26.0","ERROR",100.6,"checksrc"
"88","palomino7","phantasus","1.24.0","ERROR",309.2,"checksrc"
"89","palomino7","polyester","1.40.0","ERROR",110.1,"checksrc"
"90","palomino7","RegEnrich","1.14.0","ERROR",371.4,"checksrc"
"91","palomino7","RGMQL","1.24.0","ERROR",322.2,"checksrc"
"92","palomino7","Risa","1.46.0","ERROR",327.8,"checksrc"
"93","palomino7","rpx","2.12.0","ERROR",62.8,"checksrc"
"94","palomino7","SCANVIS","1.18.0","ERROR",227.4,"checksrc"
"95","palomino7","shiny.gosling","1.0.2","ERROR",5,"checksrc"
"96","palomino7","SpatialFeatureExperiment","1.6.1","ERROR",1496.6,"checksrc"
"97","palomino7","SpidermiR","1.34.0","ERROR",125.9,"checksrc"
"98","palomino7","SurfR","1.0.0","ERROR",457.1,"checksrc"
"99","palomino7","tidybulk","1.16.0","ERROR",678.2,"checksrc"
"100","palomino7","TimiRGeN","1.14.0","ERROR",394.8,"checksrc"
